id,permalink,thread_id,date,ip,from,to
15mrymf,https://www.reddit.com/message/messages/15mrymf,15mrymf,2021-09-05 14:35:48 UTC,,allamber,/u/franksthg
1447v9q,https://www.reddit.com/message/messages/1447v9q,1447v9q,2021-08-13 10:11:23 UTC,,AutoModerator,/u/franksthg
15da2r1,https://www.reddit.com/message/messages/15da2r1,15da2r1,2021-08-26 12:42:48 UTC,,AutoModerator,/u/franksthg
15c3bma,https://www.reddit.com/message/messages/15c3bma,15c3bma,2021-08-25 06:03:09 UTC,,AutoModerator,/u/franksthg
15cxspk,https://www.reddit.com/message/messages/15cxspk,15cxspk,2021-08-26 02:38:51 UTC,,reddit,/u/franksthg
15fhnrv,https://www.reddit.com/message/messages/15fhnrv,15fhnrv,2021-08-28 20:47:19 UTC,,funny,/u/franksthg
143th28,https://www.reddit.com/message/messages/143th28,143th28,2021-08-13 08:10:38 UTC,,welcomebot,/u/franksthg
141xfvl,https://www.reddit.com/message/messages/141xfvl,141xfvl,2021-08-12 18:20:58 UTC,,welcomebot,/u/franksthg
15cx677,https://www.reddit.com/message/messages/15cx677,15cx677,2021-08-26 02:13:58 UTC,,AutoModerator,/u/franksthg
15fo8is,https://www.reddit.com/message/messages/15fo8is,15fo8is,2021-08-29 01:17:34 UTC,,funny,/u/franksthg
15fo6n9,https://www.reddit.com/message/messages/15fo6n9,15fhnrv,2021-08-29 01:15:48 UTC,,franksthg,/r/funny
15cxn71,https://www.reddit.com/message/messages/15cxn71,15cxn71,2021-08-26 02:32:04 UTC,,AutoModerator,/u/franksthg
15caj3o,https://www.reddit.com/message/messages/15caj3o,15caj3o,2021-08-25 12:35:48 UTC,,welcomebot,/u/franksthg
2872ev2,https://www.reddit.com/message/messages/2872ev2,2872ev2,2024-04-06 13:37:02 UTC,,RedditDataRequests,/u/franksthg
1447lmn,https://www.reddit.com/message/messages/1447lmn,1447lmn,2021-08-13 10:09:15 UTC,,reddit,/u/franksthg
15bdvb4,https://www.reddit.com/message/messages/15bdvb4,15bdvb4,2021-08-24 14:26:14 UTC,,welcomebot,/u/franksthg
141t2gz,https://www.reddit.com/message/messages/141t2gz,141t2gz,2021-08-12 17:22:25 UTC,,AutoModerator,/u/franksthg
144dbk4,https://www.reddit.com/message/messages/144dbk4,144dbk4,2021-08-13 11:15:29 UTC,,welcomebot,/u/franksthg
15ancf5,https://www.reddit.com/message/messages/15ancf5,15ancf5,2021-08-23 19:50:47 UTC,,welcomebot,/u/franksthg
15cxscr,https://www.reddit.com/message/messages/15cxscr,15cxscr,2021-08-26 02:38:15 UTC,,reddit,/u/franksthg
15c96fh,https://www.reddit.com/message/messages/15c96fh,15c96fh,2021-08-25 11:27:01 UTC,,AutoModerator,/u/franksthg
tqew9c,https://www.reddit.com/message/messages/tqew9c,tqew9c,2020-09-26 23:42:58 UTC,,reddit,/u/franksthg
144dd5m,https://www.reddit.com/message/messages/144dd5m,144dd5m,2021-08-13 11:15:45 UTC,,welcomebot,/u/franksthg
15cxplc,https://www.reddit.com/message/messages/15cxplc,15cxplc,2021-08-26 02:35:42 UTC,,reddit,/u/franksthg
mk438i,https://www.reddit.com/message/messages/mk438i,mk438i,2020-03-10 11:25:36 UTC,,reddit.com,/u/franksthg
15cxplz,https://www.reddit.com/message/messages/15cxplz,15cxplz,2021-08-26 02:35:42 UTC,,AutoModerator,/u/franksthg
grxplz,https://www.reddit.com/message/messages/grxplz,grxplz,2019-05-12 14:33:57 UTC,,reddit,/u/franksthg
15fo8h9,https://www.reddit.com/message/messages/15fo8h9,15fhnrv,2021-08-29 01:17:30 UTC,,funny,/u/franksthg
15c97n5,https://www.reddit.com/message/messages/15c97n5,15c97n5,2021-08-25 11:30:12 UTC,,AutoModerator,/u/franksthg
15fo8af,https://www.reddit.com/message/messages/15fo8af,15fhnrv,2021-08-29 01:17:09 UTC,,franksthg,/r/funny
1447v96,https://www.reddit.com/message/messages/1447v96,1447v96,2021-08-13 10:11:23 UTC,,reddit,/u/franksthg
15fa4fy,https://www.reddit.com/message/messages/15fa4fy,15fa4fy,2021-08-28 15:42:16 UTC,,AutoModerator,/u/franksthg
